Identifiant station,Nom de la Station,Nom de la ligne,Niveau de pollution aux particules,Niveau de pollution,Incertitude,Recommandation de surveillance,Action(s) QAI en cours,stop_lon,stop_lat,air,niveau_pollution
IDFM:490851,Chevilly-Larue (Marché International),Métro 14,pas de données,pas de données,Évaluation : impossible faute d’informations,non,,2.367374604185919,48.75848356146962,,pas de données
IDFM:462963,République,Métro 9,pollution moyenne,MOYENNE,"Évaluation : modélisation reposant notamment sur la configuration de la station, le trafic et le matériel roulant",non,Action(s) d'amélioration de la qualité de l'air en cours,2.3633023407804536,48.86751235781114,,pollution moyenne
IDFM:22082,Franklin D. Roosevelt,Métro 1,pollution faible,FAIBLE,Évaluation : mesures permanentes,non,,2.309359666519628,48.8691648256349,,pollution faible
IDFM:22152,Château Rouge,Métro 4,pollution faible,FAIBLE,"Évaluation : modélisation reposant notamment sur la configuration de la station, le trafic et le matériel roulant",non,,2.3495819680256598,48.88724193064896,,pollution faible
IDFM:462985,Pont de Levallois - Bécon,Métro 3,pollution faible,FAIBLE,"Évaluation : modélisation reposant notamment sur la configuration de la station, le trafic et le matériel roulant",non,Action(s) d'amélioration de la qualité de l'air en cours,2.28030375318625,48.89722831603318,,pollution faible
IDFM:24687,Danube,Métro 7B,pollution moyenne,MOYENNE,"Évaluation : modélisation reposant notamment sur la configuration de la station, le trafic et le matériel roulant",non,,2.393228471227492,48.88194921492064,,pollution moyenne
IDFM:22238,Mairie de Clichy,Métro 13,pollution moyenne,MOYENNE,"Évaluation : modélisation reposant notamment sur la configuration de la station, le trafic et le matériel roulant",non,,2.3058484063578857,48.90349897462669,,pollution moyenne
IDFM:463026,Place d'Italie,Métro 7,pollution moyenne,MOYENNE,"Évaluation : modélisation reposant notamment sur la configuration de la station, le trafic et le matériel roulant",non,,2.355330902236442,48.83154938471729,,pollution moyenne
IDFM:21985,Chardon Lagache,Métro 10,pollution faible,FAIBLE,"Évaluation : modélisation reposant notamment sur la configuration de la station, le trafic et le matériel roulant",non,,2.26690547594029,48.84508829917885,,pollution faible
IDFM:462968,Rennes,Métro 12,pollution moyenne,MOYENNE,"Évaluation : modélisation reposant notamment sur la configuration de la station, le trafic et le matériel roulant",non,,2.32802068556793,48.84819024311401,,pollution moyenne
IDFM:480341,Saint-Ouen,Métro 14,pollution moyenne,MOYENNE,"Évaluation : modélisation reposant notamment sur la configuration de la station, le trafic et le matériel roulant",non,,2.3227559546697414,48.90516956991565,,pollution moyenne
IDFM:463115,Bonne Nouvelle,Métro 8,pollution moyenne,MOYENNE,"Évaluation : modélisation reposant notamment sur la configuration de la station, le trafic et le matériel roulant",non,,2.348496122542364,48.87048144580479,,pollution moyenne
IDFM:22381,Opéra,Métro 7,pollution faible,FAIBLE,"Évaluation : modélisation reposant notamment sur la configuration de la station, le trafic et le matériel roulant",non,,2.3324387808144875,48.87030303390994,,pollution faible
IDFM:22101,La Défense (Grande Arche),Métro 1,pollution faible,FAIBLE,"Évaluation : modélisation reposant notamment sur la configuration de la station, le trafic et le matériel roulant",non,,2.237988183098828,48.89181786646099,,pollution faible
IDFM:22013,Gare de l'Est,Métro 5,pollution moyenne,MOYENNE,"Évaluation : modélisation reposant notamment sur la configuration de la station, le trafic et le matériel roulant",non,Action(s) d'amélioration de la qualité de l'air en cours,2.35806459441865,48.87616299446643,,pollution moyenne
IDFM:463030,Porte de Choisy,Métro 7,pollution faible,FAIBLE,"Évaluation : modélisation reposant notamment sur la configuration de la station, le trafic et le matériel roulant",non,,2.3646785940494577,48.82005592914816,,pollution faible
IDFM:22002,Richard-Lenoir,Métro 5,pollution moyenne,MOYENNE,"Évaluation : modélisation reposant notamment sur la configuration de la station, le trafic et le matériel roulant",non,Action(s) d'amélioration de la qualité de l'air en cours,2.371813630476951,48.85987693786871,,pollution moyenne
IDFM:22375,Pyramides,Métro 7,pollution faible,FAIBLE,"Évaluation : modélisation reposant notamment sur la configuration de la station, le trafic et le matériel roulant",non,,2.3344175359665558,48.86588028991413,,pollution faible
IDFM:22134,Strasbourg - Saint-Denis,Métro 4,pollution faible,FAIBLE,"Évaluation : modélisation reposant notamment sur la configuration de la station, le trafic et le matériel roulant",non,,2.354491616563834,48.86962358263758,,pollution faible
IDFM:463001,Gare de l'Est,Métro 7,pollution moyenne,MOYENNE,"Évaluation : modélisation reposant notamment sur la configuration de la station, le trafic et le matériel roulant",oui,,2.358120525273069,48.87627121454162,,pollution moyenne
IDFM:463062,Notre-Dame-de-Lorette,Métro 12,pollution moyenne,MOYENNE,"Évaluation : modélisation reposant notamment sur la configuration de la station, le trafic et le matériel roulant",non,,2.337900771823332,48.87604417483004,,pollution moyenne
IDFM:463296,Rome,Métro 2,pollution moyenne,MOYENNE,"Évaluation : modélisation reposant notamment sur la configuration de la station, le trafic et le matériel roulant",oui,Action(s) d'amélioration de la qualité de l'air en cours,2.3213591738229726,48.88234581879614,,pollution moyenne
IDFM:463325,Voltaire,Métro 9,pollution moyenne,MOYENNE,"Évaluation : modélisation reposant notamment sur la configuration de la station, le trafic et le matériel roulant",non,Action(s) d'amélioration de la qualité de l'air en cours,2.3800316941488044,48.85766243438601,,pollution moyenne
IDFM:22244,Garibaldi,Métro 13,pollution faible,FAIBLE,"Évaluation : modélisation reposant notamment sur la configuration de la station, le trafic et le matériel roulant",non,,2.331962553647662,48.906372391923206,,pollution faible
IDFM:22196,Richelieu - Drouot,Métro 8,pollution moyenne,MOYENNE,"Évaluation : modélisation reposant notamment sur la configuration de la station, le trafic et le matériel roulant",non,,2.3384190255427955,48.87173920910264,,pollution moyenne
IDFM:22157,Montparnasse Bienvenue,Métro 13,pollution moyenne,MOYENNE,"Évaluation : modélisation reposant notamment sur la configuration de la station, le trafic et le matériel roulant",non,,2.320983883036087,48.84231364506487,,pollution moyenne
IDFM:22173,Glacière,Métro 6,station aérienne,station aérienne,,non,,2.3434974927179884,48.83117023524584,,station aérienne
IDFM:462999,Laumière,Métro 5,pollution élevée,ELEVE,"Évaluation : modélisation reposant notamment sur la configuration de la station, le trafic et le matériel roulant",non,Action(s) d'amélioration de la qualité de l'air en cours,2.3793117790180998,48.88520088689033,,pollution élevée
IDFM:463129,Bercy,Métro 14,pollution faible,FAIBLE,Évaluation : campagne de mesure ponctuelle,non,,2.3790620152277238,48.84010199803391,,pollution faible
IDFM:463134,Botzaris,Métro 7B,pollution moyenne,MOYENNE,"Évaluation : modélisation reposant notamment sur la configuration de la station, le trafic et le matériel roulant",non,,2.388900951315739,48.879534991268365,,pollution moyenne
IDFM:463288,Quai de la Gare,Métro 6,station aérienne,station aérienne,,non,,2.372766248948172,48.8370742706096,,station aérienne
IDFM:22005,Ourcq,Métro 5,pollution élevée,ELEVE,"Évaluation : modélisation reposant notamment sur la configuration de la station, le trafic et le matériel roulant",oui,Action(s) d'amélioration de la qualité de l'air en cours,2.3866765356019912,48.88714990283661,,pollution élevée
IDFM:22111,Porte Dauphine,Métro 2,pollution moyenne,MOYENNE,"Évaluation : modélisation reposant notamment sur la configuration de la station, le trafic et le matériel roulant",non,Action(s) d'amélioration de la qualité de l'air en cours,2.277632717545272,48.87139679524832,,pollution moyenne
IDFM:22231,Brochant,Métro 13,pollution faible,FAIBLE,"Évaluation : modélisation reposant notamment sur la configuration de la station, le trafic et le matériel roulant",non,,2.3201902468999456,48.89062201554889,,pollution faible
IDFM:462997,Gambetta,Métro 3B,pollution moyenne,MOYENNE,"Évaluation : modélisation reposant notamment sur la configuration de la station, le trafic et le matériel roulant",non,,2.398537305704572,48.865032564464,,pollution moyenne
IDFM:463162,Commerce,Métro 8,pollution faible,FAIBLE,"Évaluation : modélisation reposant notamment sur la configuration de la station, le trafic et le matériel roulant",non,,2.293851708440619,48.84458485524012,,pollution faible
IDFM:462986,Sentier,Métro 3,pollution moyenne,MOYENNE,"Évaluation : modélisation reposant notamment sur la configuration de la station, le trafic et le matériel roulant",non,,2.347513710821989,48.86728343166051,,pollution moyenne
IDFM:463219,Mairie d'Issy,Métro 12,pollution moyenne,MOYENNE,"Évaluation : modélisation reposant notamment sur la configuration de la station, le trafic et le matériel roulant",non,,2.273558168023932,48.82434428766646,,pollution moyenne
IDFM:463229,Pernety,Métro 13,pollution faible,FAIBLE,"Évaluation : modélisation reposant notamment sur la configuration de la station, le trafic et le matériel roulant",non,,2.318323659736018,48.83416372097089,,pollution faible
IDFM:463258,Porte de Champerret,Métro 3,pollution moyenne,MOYENNE,"Évaluation : modélisation reposant notamment sur la configuration de la station, le trafic et le matériel roulant",non,,2.2921124821588448,48.885652393133846,,pollution moyenne
IDFM:463238,Michel-Ange - Auteuil,Métro 9,pollution élevée,ELEVE,"Évaluation : modélisation reposant notamment sur la configuration de la station, le trafic et le matériel roulant",oui,Action(s) d'amélioration de la qualité de l'air en cours,2.2638093220226634,48.84770893216831,,pollution élevée
IDFM:490839,Hôpital Bicêtre,Métro 14,pas de données,pas de données,Évaluation : impossible faute d’informations,non,,2.349946533239157,48.809971090725966,,pas de données
IDFM:463188,Havre-Caumartin,Métro 9,pollution moyenne,MOYENNE,"Évaluation : modélisation reposant notamment sur la configuration de la station, le trafic et le matériel roulant",non,Action(s) d'amélioration de la qualité de l'air en cours,2.327677208279404,48.8737568325288,,pollution moyenne
IDFM:463041,Tuileries,Métro 1,pollution faible,FAIBLE,"Évaluation : modélisation reposant notamment sur la configuration de la station, le trafic et le matériel roulant",non,,2.3296780947116416,48.864477839314645,,pollution faible
IDFM:22401,Villejuif Paul Vaillant-Couturier,Métro 7,pollution moyenne,MOYENNE,"Évaluation : modélisation reposant notamment sur la configuration de la station, le trafic et le matériel roulant",non,,2.3683316015776423,48.79631793416014,,pollution moyenne
IDFM:463082,Front Populaire,Métro 12,pollution moyenne,MOYENNE,"Évaluation : modélisation reposant notamment sur la configuration de la station, le trafic et le matériel roulant",non,,2.365792023989413,48.90666420278779,,pollution moyenne
IDFM:462971,Saint-Lazare,Métro 3,pollution moyenne,MOYENNE,"Évaluation : modélisation reposant notamment sur la configuration de la station, le trafic et le matériel roulant",non,,2.3244924701707954,48.87496650103443,,pollution moyenne
IDFM:22006,Place d'Italie,Métro 5,pollution moyenne,MOYENNE,"Évaluation : modélisation reposant notamment sur la configuration de la station, le trafic et le matériel roulant",non,Action(s) d'amélioration de la qualité de l'air en cours,2.35559694336975,48.83096622708413,,pollution moyenne
IDFM:22218,Saint-Lazare,Métro 13,pollution faible,FAIBLE,"Évaluation : modélisation reposant notamment sur la configuration de la station, le trafic et le matériel roulant",non,,2.325488390672613,48.87538131600797,,pollution faible
IDFM:22123,Anvers,Métro 2,pollution moyenne,MOYENNE,"Évaluation : modélisation reposant notamment sur la configuration de la station, le trafic et le matériel roulant",non,Action(s) d'amélioration de la qualité de l'air en cours,2.344154840330292,48.882868568843925,,pollution moyenne
IDFM:463278,Porte de Clichy,Métro 13,pollution moyenne,MOYENNE,"Évaluation : modélisation reposant notamment sur la configuration de la station, le trafic et le matériel roulant",non,,2.31320835075881,48.89443128801746,,pollution moyenne
IDFM:463209,Liberté,Métro 8,pollution moyenne,MOYENNE,"Évaluation : modélisation reposant notamment sur la configuration de la station, le trafic et le matériel roulant",non,,2.406409459132366,48.82608032193611,,pollution moyenne
IDFM:22240,Basilique de Saint-Denis,Métro 13,pollution moyenne,MOYENNE,"Évaluation : modélisation reposant notamment sur la configuration de la station, le trafic et le matériel roulant",non,,2.3592958408126816,48.93678306532419,,pollution moyenne
IDFM:463228,Pereire,Métro 3,pollution moyenne,MOYENNE,"Évaluation : modélisation reposant notamment sur la configuration de la station, le trafic et le matériel roulant",non,,2.297701123838181,48.88492986463719,,pollution moyenne
IDFM:22235,Malakoff - Plateau de Vanves,Métro 13,pollution faible,FAIBLE,"Évaluation : modélisation reposant notamment sur la configuration de la station, le trafic et le matériel roulant",non,,2.298295381702497,48.82220756804045,,pollution faible
IDFM:463127,Bel-Air,Métro 6,station aérienne,station aérienne,,non,,2.400867131995259,48.84142733223358,,station aérienne
IDFM:22074,Saint-Paul (Le Marais),Métro 1,pollution faible,FAIBLE,"Évaluation : modélisation reposant notamment sur la configuration de la station, le trafic et le matériel roulant",non,,2.3608852562751967,48.85518742160445,,pollution faible
IDFM:463232,Pont Neuf,Métro 7,pollution faible,FAIBLE,"Évaluation : modélisation reposant notamment sur la configuration de la station, le trafic et le matériel roulant",oui,,2.341776749148542,48.85854633926832,,pollution faible
IDFM:463056,Créteil - Préfecture,Métro 8,station aérienne,station aérienne,,non,,2.459305169291261,48.77975652677895,,station aérienne
IDFM:22084,George V,Métro 1,pollution faible,FAIBLE,"Évaluation : modélisation reposant notamment sur la configuration de la station, le trafic et le matériel roulant",non,,2.300759784978918,48.87203776458909,,pollution faible
IDFM:463098,Picpus,Métro 6,pollution moyenne,MOYENNE,"Évaluation : modélisation reposant notamment sur la configuration de la station, le trafic et le matériel roulant",non,,2.401274538822374,48.84510324750185,,pollution moyenne
IDFM:22146,Les Halles,Métro 4,pollution faible,FAIBLE,"Évaluation : modélisation reposant notamment sur la configuration de la station, le trafic et le matériel roulant",non,,2.34600573656331,48.86252665962869,,pollution faible
IDFM:22227,La Fourche,Métro 13,pollution faible,FAIBLE,"Évaluation : modélisation reposant notamment sur la configuration de la station, le trafic et le matériel roulant",non,,2.325686960766736,48.88742451051807,,pollution faible
IDFM:463159,Châtelet,Métro 14,pollution moyenne,MOYENNE,"Évaluation : modélisation reposant notamment sur la configuration de la station, le trafic et le matériel roulant",non,,2.346411849769497,48.85955653272677,,pollution moyenne
IDFM:463057,Pointe du Lac,Métro 8,station aérienne,station aérienne,,non,,2.464317312722042,48.76876136434425,,station aérienne
IDFM:463009,Stalingrad,Métro 2,station aérienne,station aérienne,,non,Action(s) d'amélioration de la qualité de l'air en cours,2.365774370558169,48.88432054886986,,station aérienne
IDFM:22040,Pigalle,Métro 12,pollution moyenne,MOYENNE,"Évaluation : modélisation reposant notamment sur la configuration de la station, le trafic et le matériel roulant",non,,2.3371840091053384,48.88201178841109,,pollution moyenne
IDFM:22077,Porte de Vincennes,Métro 1,pollution moyenne,MOYENNE,"Évaluation : modélisation reposant notamment sur la configuration de la station, le trafic et le matériel roulant",oui,,2.4108049967015006,48.84700773108863,,pollution moyenne
IDFM:463124,Avenue Emile Zola,Métro 10,pollution moyenne,MOYENNE,"Évaluation : modélisation reposant notamment sur la configuration de la station, le trafic et le matériel roulant",non,,2.2950189971435506,48.84703801370517,,pollution moyenne
IDFM:22371,Riquet,Métro 7,pollution faible,FAIBLE,"Évaluation : modélisation reposant notamment sur la configuration de la station, le trafic et le matériel roulant",non,,2.373764152701256,48.88810829453359,,pollution faible
IDFM:22034,Louise Michel,Métro 3,pollution moyenne,MOYENNE,"Évaluation : modélisation reposant notamment sur la configuration de la station, le trafic et le matériel roulant",non,,2.2882778490679767,48.88853900119613,,pollution moyenne
IDFM:22129,Place de Clichy,Métro 13,pollution faible,FAIBLE,"Évaluation : modélisation reposant notamment sur la configuration de la station, le trafic et le matériel roulant",non,,2.327398345647013,48.88373789022764,,pollution faible
IDFM:22400,Villejuif - Louis Aragon,Métro 7,pollution moyenne,MOYENNE,"Évaluation : modélisation reposant notamment sur la configuration de la station, le trafic et le matériel roulant",non,,2.36783901176962,48.78753717099888,,pollution moyenne
IDFM:22108,Ternes,Métro 2,pollution moyenne,MOYENNE,"Évaluation : modélisation reposant notamment sur la configuration de la station, le trafic et le matériel roulant",non,Action(s) d'amélioration de la qualité de l'air en cours,2.2981136521983068,48.8782007528283,,pollution moyenne
IDFM:462956,Exelmans,Métro 9,pollution moyenne,MOYENNE,"Évaluation : modélisation reposant notamment sur la configuration de la station, le trafic et le matériel roulant",non,Action(s) d'amélioration de la qualité de l'air en cours,2.25967486021195,48.842624465259945,,pollution moyenne
IDFM:22010,Bastille,Métro 5,pollution moyenne,MOYENNE,"Évaluation : modélisation reposant notamment sur la configuration de la station, le trafic et le matériel roulant",non,Action(s) d'amélioration de la qualité de l'air en cours,2.368922075646989,48.85328747830434,,pollution moyenne
IDFM:463166,Créteil - L'Echat,Métro 8,station aérienne,station aérienne,,non,,2.449424047013373,48.79661108096057,,station aérienne
IDFM:463202,La Motte-Picquet - Grenelle,Métro 10,pollution faible,FAIBLE,"Évaluation : modélisation reposant notamment sur la configuration de la station, le trafic et le matériel roulant",non,,2.298684579816939,48.849532805857095,,pollution faible
IDFM:463061,Hôtel de Ville,Métro 11,pollution moyenne,MOYENNE,"Évaluation : modélisation reposant notamment sur la configuration de la station, le trafic et le matériel roulant",non,,2.3514239919428728,48.85760073633446,,pollution moyenne
IDFM:490762,Serge Gainsbourg,Métro 11,pas de données,pas de données,Évaluation : impossible faute d’informations,non,,2.427162168589524,48.88125303440166,,pas de données
IDFM:22364,Châtelet,Métro 7,pollution moyenne,MOYENNE,"Évaluation : modélisation reposant notamment sur la configuration de la station, le trafic et le matériel roulant",non,,2.3481609912345776,48.85695346078533,,pollution moyenne
IDFM:22042,Porte de Versailles,Métro 12,pollution faible,FAIBLE,"Évaluation : modélisation reposant notamment sur la configuration de la station, le trafic et le matériel roulant",non,,2.28813294509322,48.83230151439446,,pollution faible
IDFM:22208,Porte de Charenton,Métro 8,pollution faible,FAIBLE,"Évaluation : modélisation reposant notamment sur la configuration de la station, le trafic et le matériel roulant",non,,2.402511872850073,48.83344922287947,,pollution faible
IDFM:463259,Porte de Saint-Cloud,Métro 9,pollution moyenne,MOYENNE,"Évaluation : modélisation reposant notamment sur la configuration de la station, le trafic et le matériel roulant",non,Action(s) d'amélioration de la qualité de l'air en cours,2.2567894964207142,48.83799728287381,,pollution moyenne
IDFM:463233,Pont de Sèvres,Métro 9,pollution moyenne,MOYENNE,"Évaluation : modélisation reposant notamment sur la configuration de la station, le trafic et le matériel roulant",non,Action(s) d'amélioration de la qualité de l'air en cours,2.230505217088554,48.82966919074605,,pollution moyenne
IDFM:21941,Mairie de Montreuil,Métro 9,pollution moyenne,MOYENNE,"Évaluation : modélisation reposant notamment sur la configuration de la station, le trafic et le matériel roulant",non,Action(s) d'amélioration de la qualité de l'air en cours,2.4418193772459085,48.8622744369706,,pollution moyenne
IDFM:21996,Goncourt,Métro 11,pollution moyenne,MOYENNE,"Évaluation : modélisation reposant notamment sur la configuration de la station, le trafic et le matériel roulant",non,,2.3707644347484003,48.8700070178386,,pollution moyenne
IDFM:463141,Cardinal Lemoine,Métro 10,pollution moyenne,MOYENNE,"Évaluation : modélisation reposant notamment sur la configuration de la station, le trafic et le matériel roulant",non,,2.3513280016731763,48.84670003526311,,pollution moyenne
IDFM:22183,La Motte-Picquet - Grenelle,Métro 8,pollution faible,FAIBLE,"Évaluation : modélisation reposant notamment sur la configuration de la station, le trafic et le matériel roulant",non,,2.298745444388579,48.84950618174656,,pollution faible
IDFM:463144,Chaussée d'Antin - La Fayette,Métro 9,pollution moyenne,MOYENNE,"Évaluation : modélisation reposant notamment sur la configuration de la station, le trafic et le matériel roulant",non,Action(s) d'amélioration de la qualité de l'air en cours,2.333970457594147,48.87280723715393,,pollution moyenne
IDFM:24684,Pré-Saint-Gervais,Métro 7B,pollution moyenne,MOYENNE,"Évaluation : modélisation reposant notamment sur la configuration de la station, le trafic et le matériel roulant",non,,2.398580770693528,48.8801595806643,,pollution moyenne
IDFM:22197,Grands Boulevards,Métro 8,pollution moyenne,MOYENNE,"Évaluation : modélisation reposant notamment sur la configuration de la station, le trafic et le matériel roulant",non,,2.342839648636545,48.87146677844407,,pollution moyenne
IDFM:22009,Campo-Formio,Métro 5,pollution moyenne,MOYENNE,"Évaluation : modélisation reposant notamment sur la configuration de la station, le trafic et le matériel roulant",oui,Action(s) d'amélioration de la qualité de l'air en cours,2.358468834639247,48.83559543123327,,pollution moyenne
IDFM:463290,Ranelagh,Métro 9,pollution moyenne,MOYENNE,"Évaluation : modélisation reposant notamment sur la configuration de la station, le trafic et le matériel roulant",non,Action(s) d'amélioration de la qualité de l'air en cours,2.269948157934635,48.85550355839564,,pollution moyenne
IDFM:21907,Michel-Ange - Auteuil,Métro 10,pollution moyenne,MOYENNE,"Évaluation : modélisation reposant notamment sur la configuration de la station, le trafic et le matériel roulant",non,,2.263989525333329,48.84797535417627,,pollution moyenne
IDFM:463046,Gare de Lyon,Métro 14,pollution moyenne,MOYENNE,"Évaluation : modélisation reposant notamment sur la configuration de la station, le trafic et le matériel roulant",non,,2.373100581933962,48.84467563174822,,pollution moyenne
IDFM:21995,Jourdain,Métro 11,pollution faible,FAIBLE,"Évaluation : modélisation reposant notamment sur la configuration de la station, le trafic et le matériel roulant",non,,2.389325378910096,48.875247348641416,,pollution faible
IDFM:22043,Rue du Bac,Métro 12,pollution moyenne,MOYENNE,"Évaluation : modélisation reposant notamment sur la configuration de la station, le trafic et le matériel roulant",non,,2.3256727584985164,48.85587553200213,,pollution moyenne
IDFM:22112,Père Lachaise,Métro 2,pollution élevée,ELEVE,"Évaluation : modélisation reposant notamment sur la configuration de la station, le trafic et le matériel roulant",oui,Action(s) d'amélioration de la qualité de l'air en cours,2.387689326065689,48.86248637862667,,pollution élevée
IDFM:462946,République,Métro 3,pollution moyenne,MOYENNE,"Évaluation : modélisation reposant notamment sur la configuration de la station, le trafic et le matériel roulant",oui,,2.364333297545428,48.86720306822776,,pollution moyenne
IDFM:463029,Porte d'Ivry,Métro 7,pollution faible,FAIBLE,"Évaluation : modélisation reposant notamment sur la configuration de la station, le trafic et le matériel roulant",non,,2.369294978223312,48.82135298833688,,pollution faible
IDFM:22145,Odéon,Métro 4,pollution faible,FAIBLE,"Évaluation : modélisation reposant notamment sur la configuration de la station, le trafic et le matériel roulant",non,,2.339486020317896,48.85210334038093,,pollution faible
IDFM:463097,Saint-Marcel,Métro 5,pollution moyenne,MOYENNE,"Évaluation : modélisation reposant notamment sur la configuration de la station, le trafic et le matériel roulant",non,Action(s) d'amélioration de la qualité de l'air en cours,2.3608176665940044,48.83847698406796,,pollution moyenne
IDFM:480286,Pont Cardinet,Métro 14,pollution moyenne,MOYENNE,"Évaluation : modélisation reposant notamment sur la configuration de la station, le trafic et le matériel roulant",non,,2.3151908648850013,48.8881023898884,,pollution moyenne
IDFM:462955,Montparnasse Bienvenue,Métro 6,pollution moyenne,MOYENNE,"Évaluation : modélisation reposant notamment sur la configuration de la station, le trafic et le matériel roulant",oui,,2.3212187199903807,48.84213060781436,,pollution moyenne
IDFM:22131,Raspail,Métro 4,pollution faible,FAIBLE,"Évaluation : modélisation reposant notamment sur la configuration de la station, le trafic et le matériel roulant",non,,2.330466993719873,48.83915635952557,,pollution faible
IDFM:21927,Iéna,Métro 9,pollution élevée,ELEVE,"Évaluation : modélisation reposant notamment sur la configuration de la station, le trafic et le matériel roulant",non,Action(s) d'amélioration de la qualité de l'air en cours,2.293906396859107,48.86468583928868,,pollution élevée
IDFM:463197,Gare de Lyon,Métro 1,pollution moyenne,MOYENNE,"Évaluation : modélisation reposant notamment sur la configuration de la station, le trafic et le matériel roulant",non,,2.373125016776689,48.84575948671397,,pollution moyenne
IDFM:462992,Saint-Sulpice,Métro 4,pollution faible,FAIBLE,"Évaluation : modélisation reposant notamment sur la configuration de la station, le trafic et le matériel roulant",non,,2.330953550650454,48.85113858957915,,pollution faible
IDFM:22124,Avron,Métro 2,pollution moyenne,MOYENNE,"Évaluation : modélisation reposant notamment sur la configuration de la station, le trafic et le matériel roulant",non,Action(s) d'amélioration de la qualité de l'air en cours,2.3981875566593973,48.85164854359716,,pollution moyenne
IDFM:22398,Le Kremlin-Bicêtre,Métro 7,pollution moyenne,MOYENNE,"Évaluation : modélisation reposant notamment sur la configuration de la station, le trafic et le matériel roulant",non,,2.362130413802561,48.81025257278989,,pollution moyenne
IDFM:22185,Invalides,Métro 13,pollution faible,FAIBLE,"Évaluation : modélisation reposant notamment sur la configuration de la station, le trafic et le matériel roulant",non,,2.3146399951225347,48.86053445554123,,pollution faible
IDFM:22109,Victor Hugo,Métro 2,pollution moyenne,MOYENNE,"Évaluation : modélisation reposant notamment sur la configuration de la station, le trafic et le matériel roulant",oui,Action(s) d'amélioration de la qualité de l'air en cours,2.2859020006220643,48.8698545716049,,pollution moyenne
IDFM:463241,Montgallet,Métro 8,pollution faible,FAIBLE,"Évaluation : modélisation reposant notamment sur la configuration de la station, le trafic et le matériel roulant",non,,2.3904000136353645,48.84400507570895,,pollution faible
IDFM:22214,Ecole Vétérinaire de Maisons-Alfort,Métro 8,pollution faible,FAIBLE,"Évaluation : modélisation reposant notamment sur la configuration de la station, le trafic et le matériel roulant",non,,2.422322751702586,48.814758684006726,,pollution faible
IDFM:490791,La Dhuys,Métro 11,pas de données,pas de données,Évaluation : impossible faute d’informations,non,,2.465116181953647,48.8780111916913,,pas de données
IDFM:463147,Chevaleret,Métro 6,station aérienne,station aérienne,,non,,2.3680951237726693,48.83494516788824,,station aérienne
IDFM:463235,Porte d'Italie,Métro 7,pollution faible,FAIBLE,"Évaluation : modélisation reposant notamment sur la configuration de la station, le trafic et le matériel roulant",non,,2.3595297331071694,48.81910659655869,,pollution faible
IDFM:463139,Cadet,Métro 7,pollution faible,FAIBLE,"Évaluation : modélisation reposant notamment sur la configuration de la station, le trafic et le matériel roulant",non,,2.344383883779656,48.87604838013132,,pollution faible
IDFM:483904,Mairie d'Aubervilliers,Métro 12,pollution moyenne,MOYENNE,"Évaluation : modélisation reposant notamment sur la configuration de la station, le trafic et le matériel roulant",non,,2.3807826993163266,48.913739225808136,,pollution moyenne
IDFM:21997,Arts et Métiers,Métro 11,pollution moyenne,MOYENNE,"Évaluation : modélisation reposant notamment sur la configuration de la station, le trafic et le matériel roulant",non,,2.3565081436435467,48.86529961264491,,pollution moyenne
IDFM:21971,Eglise d'Auteuil,Métro 10,pollution moyenne,MOYENNE,"Évaluation : modélisation reposant notamment sur la configuration de la station, le trafic et le matériel roulant",non,,2.269111389021892,48.84714336145718,,pollution moyenne
IDFM:21973,Mabillon,Métro 10,pollution faible,FAIBLE,"Évaluation : modélisation reposant notamment sur la configuration de la station, le trafic et le matériel roulant",oui,,2.335142819346476,48.85284373829949,,pollution faible
IDFM:21991,Pyrénées,Métro 11,pollution moyenne,MOYENNE,"Évaluation : modélisation reposant notamment sur la configuration de la station, le trafic et le matériel roulant",non,,2.384883957748741,48.87381265491752,,pollution moyenne
IDFM:22178,Bercy,Métro 6,pollution moyenne,MOYENNE,"Évaluation : modélisation reposant notamment sur la configuration de la station, le trafic et le matériel roulant",non,,2.379463070185257,48.840176028121896,,pollution moyenne
IDFM:463171,Etienne Marcel,Métro 4,pollution faible,FAIBLE,"Évaluation : modélisation reposant notamment sur la configuration de la station, le trafic et le matériel roulant",non,,2.3489761968791085,48.86370301202431,,pollution faible
IDFM:22159,Strasbourg - Saint-Denis,Métro 8,pollution moyenne,MOYENNE,"Évaluation : modélisation reposant notamment sur la configuration de la station, le trafic et le matériel roulant",non,,2.353744768129407,48.86938572399119,,pollution moyenne
IDFM:463043,Charles de Gaulle - Etoile,Métro 2,pollution moyenne,MOYENNE,"Évaluation : modélisation reposant notamment sur la configuration de la station, le trafic et le matériel roulant",non,Action(s) d'amélioration de la qualité de l'air en cours,2.295927507409278,48.87494579313413,,pollution moyenne
IDFM:463168,Daumesnil,Métro 8,pollution moyenne,MOYENNE,"Évaluation : modélisation reposant notamment sur la configuration de la station, le trafic et le matériel roulant",oui,,2.395573606140371,48.83967393140864,,pollution moyenne
IDFM:22378,Pont Marie (Cité des Arts),Métro 7,pollution faible,FAIBLE,"Évaluation : modélisation reposant notamment sur la configuration de la station, le trafic et le matériel roulant",non,,2.357349968447059,48.85341474936241,,pollution faible
IDFM:22242,Saint-Denis - Université,Métro 13,pollution moyenne,MOYENNE,"Évaluation : modélisation reposant notamment sur la configuration de la station, le trafic et le matériel roulant",non,,2.364494290510317,48.945911458883856,,pollution moyenne
IDFM:22116,Ménilmontant,Métro 2,pollution moyenne,MOYENNE,"Évaluation : modélisation reposant notamment sur la configuration de la station, le trafic et le matériel roulant",non,Action(s) d'amélioration de la qualité de l'air en cours,2.38353966877949,48.866440166781686,,pollution moyenne
IDFM:463113,Blanche,Métro 2,pollution moyenne,MOYENNE,"Évaluation : modélisation reposant notamment sur la configuration de la station, le trafic et le matériel roulant",non,Action(s) d'amélioration de la qualité de l'air en cours,2.3324843754343627,48.88376635447715,,pollution moyenne
IDFM:22237,Châtillon-Montrouge,Métro 13,station aérienne,station aérienne,,non,,2.301717705004608,48.81075140670139,,station aérienne
IDFM:463260,Porte de Vanves,Métro 13,pollution faible,FAIBLE,"Évaluation : modélisation reposant notamment sur la configuration de la station, le trafic et le matériel roulant",oui,,2.305332386657473,48.82761346400429,,pollution faible
IDFM:21972,Javel - André Citroën,Métro 10,pollution moyenne,MOYENNE,"Évaluation : modélisation reposant notamment sur la configuration de la station, le trafic et le matériel roulant",non,,2.278009496527359,48.84618110622323,,pollution moyenne
IDFM:21951,Place des Fêtes,Métro 11,pollution moyenne,MOYENNE,"Évaluation : modélisation reposant notamment sur la configuration de la station, le trafic et le matériel roulant",oui,,2.393139370360497,48.87672366197325,,pollution moyenne
IDFM:22115,Place de Clichy,Métro 2,pollution moyenne,MOYENNE,"Évaluation : modélisation reposant notamment sur la configuration de la station, le trafic et le matériel roulant",non,Action(s) d'amélioration de la qualité de l'air en cours,2.32795832801022,48.88366908827266,,pollution moyenne
IDFM:463316,Temple,Métro 3,pollution moyenne,MOYENNE,"Évaluation : modélisation reposant notamment sur la configuration de la station, le trafic et le matériel roulant",non,,2.361589378332189,48.86668483219092,,pollution moyenne
IDFM:483277,Barbara,Métro 4,pollution faible,FAIBLE,"Évaluation : modélisation reposant notamment sur la configuration de la station, le trafic et le matériel roulant",non,,2.3174992240284045,48.80979025430712,,pollution faible
IDFM:22150,Cité,Métro 4,pollution moyenne,MOYENNE,"Évaluation : modélisation reposant notamment sur la configuration de la station, le trafic et le matériel roulant",non,,2.3472322349319112,48.85493384910671,,pollution moyenne
IDFM:463294,Reuilly - Diderot,Métro 1,pollution faible,FAIBLE,"Évaluation : modélisation reposant notamment sur la configuration de la station, le trafic et le matériel roulant",non,,2.3858367760086865,48.84734982784612,,pollution faible
IDFM:462976,Carrefour Pleyel,Métro 13,pollution faible,FAIBLE,"Évaluation : modélisation reposant notamment sur la configuration de la station, le trafic et le matériel roulant",non,,2.343534674183465,48.91973260804976,,pollution faible
IDFM:22148,Gare de l'Est,Métro 4,pollution faible,FAIBLE,"Évaluation : modélisation reposant notamment sur la configuration de la station, le trafic et le matériel roulant",non,,2.3577495818204395,48.87627821831841,,pollution faible
IDFM:463170,Esplanade de la Défense,Métro 1,pollution moyenne,MOYENNE,"Évaluation : modélisation reposant notamment sur la configuration de la station, le trafic et le matériel roulant",non,,2.249931086743073,48.88834989394862,,pollution moyenne
IDFM:463118,Alésia,Métro 4,pollution faible,FAIBLE,"Évaluation : modélisation reposant notamment sur la configuration de la station, le trafic et le matériel roulant",non,,2.3271926250651647,48.82815215770352,,pollution faible
IDFM:463045,Olympiades,Métro 14,pollution moyenne,MOYENNE,"Évaluation : modélisation reposant notamment sur la configuration de la station, le trafic et le matériel roulant",non,,2.367034270941924,48.82694415504304,,pollution moyenne
IDFM:463019,Bastille,Métro 1,pollution moyenne,MOYENNE,"Évaluation : modélisation reposant notamment sur la configuration de la station, le trafic et le matériel roulant",non,,2.368692796099789,48.85196422011205,,pollution moyenne
IDFM:22143,Montparnasse Bienvenue,Métro 4,pollution faible,FAIBLE,"Évaluation : modélisation reposant notamment sur la configuration de la station, le trafic et le matériel roulant",non,,2.3243294607791096,48.84385251452581,,pollution faible
IDFM:22041,Porte de la Chapelle,Métro 12,pollution faible,FAIBLE,"Évaluation : modélisation reposant notamment sur la configuration de la station, le trafic et le matériel roulant",non,,2.359248542310361,48.89740242267042,,pollution faible
IDFM:463094,Barbès - Rochechouart,Métro 2,station aérienne,station aérienne,,non,Action(s) d'amélioration de la qualité de l'air en cours,2.350573400888514,48.88385234986188,,station aérienne
IDFM:21961,Madeleine,Métro 14,pollution moyenne,MOYENNE,"Évaluation : modélisation reposant notamment sur la configuration de la station, le trafic et le matériel roulant",non,,2.3258100487932776,48.87054467671624,,pollution moyenne
IDFM:463052,Alma - Marceau,Métro 9,pollution moyenne,MOYENNE,"Évaluation : modélisation reposant notamment sur la configuration de la station, le trafic et le matériel roulant",non,Action(s) d'amélioration de la qualité de l'air en cours,2.30110435239267,48.86464714790582,,pollution moyenne
IDFM:22160,Saint-Jacques,Métro 6,station aérienne,station aérienne,,non,,2.337154370925007,48.832916006219165,,station aérienne
IDFM:463311,Solférino,Métro 12,pollution moyenne,MOYENNE,"Évaluation : modélisation reposant notamment sur la configuration de la station, le trafic et le matériel roulant",non,,2.323075964251541,48.85853194972854,,pollution moyenne
IDFM:463039,Buzenval,Métro 9,pollution moyenne,MOYENNE,"Évaluation : modélisation reposant notamment sur la configuration de la station, le trafic et le matériel roulant",non,Action(s) d'amélioration de la qualité de l'air en cours,2.401170769368413,48.85176243983227,,pollution moyenne
IDFM:21928,Jasmin,Métro 9,pollution moyenne,MOYENNE,"Évaluation : modélisation reposant notamment sur la configuration de la station, le trafic et le matériel roulant",non,Action(s) d'amélioration de la qualité de l'air en cours,2.268219083521012,48.85246214784456,,pollution moyenne
IDFM:463276,Porte de Bagnolet,Métro 3,pollution moyenne,MOYENNE,"Évaluation : modélisation reposant notamment sur la configuration de la station, le trafic et le matériel roulant",non,,2.4087542211895427,48.86453937293447,,pollution moyenne
IDFM:463034,Louis Blanc,Métro 7B,pollution moyenne,MOYENNE,"Évaluation : modélisation reposant notamment sur la configuration de la station, le trafic et le matériel roulant",non,,2.364365143550256,48.88118341152446,,pollution moyenne
IDFM:22172,Edgar Quinet,Métro 6,pollution moyenne,MOYENNE,"Évaluation : modélisation reposant notamment sur la configuration de la station, le trafic et le matériel roulant",non,,2.3253749636089105,48.84098044632817,,pollution moyenne
IDFM:22092,Châtelet,Métro 4,pollution moyenne,MOYENNE,Évaluation : mesures permanentes,non,,2.3466414308440138,48.859661211559086,,pollution moyenne
IDFM:463005,Bir-Hakeim,Métro 6,station aérienne,station aérienne,,non,,2.2894007376346,48.85392536837598,,station aérienne
IDFM:22393,Fort d'Aubervilliers,Métro 7,pollution moyenne,MOYENNE,"Évaluation : modélisation reposant notamment sur la configuration de la station, le trafic et le matériel roulant",non,,2.404075377271855,48.91475665506255,,pollution moyenne
IDFM:463068,Malesherbes,Métro 3,pollution moyenne,MOYENNE,"Évaluation : modélisation reposant notamment sur la configuration de la station, le trafic et le matériel roulant",non,,2.309487846960011,48.88284002257779,,pollution moyenne
IDFM:22176,Cambronne,Métro 6,station aérienne,station aérienne,,non,,2.302941728337612,48.84754311219352,,station aérienne
IDFM:462962,République,Métro 8,pollution moyenne,MOYENNE,"Évaluation : modélisation reposant notamment sur la configuration de la station, le trafic et le matériel roulant",non,,2.363149406900382,48.86742161002706,,pollution moyenne
IDFM:463085,Plaisance,Métro 13,pollution moyenne,MOYENNE,"Évaluation : modélisation reposant notamment sur la configuration de la station, le trafic et le matériel roulant",non,,2.313860489344306,48.83175036306747,,pollution moyenne
IDFM:462980,Montparnasse Bienvenue,Métro 12,pollution moyenne,MOYENNE,"Évaluation : modélisation reposant notamment sur la configuration de la station, le trafic et le matériel roulant",non,,2.32392211008296,48.84374228942691,,pollution moyenne
IDFM:483314,Bagneux - Lucie Aubrac,Métro 4,pollution faible,FAIBLE,"Évaluation : modélisation reposant notamment sur la configuration de la station, le trafic et le matériel roulant",non,,2.317458362049886,48.80354822259104,,pollution faible
IDFM:463112,Bibliothèque François Mitterrand,Métro 14,pollution faible,FAIBLE,"Évaluation : modélisation reposant notamment sur la configuration de la station, le trafic et le matériel roulant",non,,2.376487371168301,48.829925765928905,,pollution faible
IDFM:22072,Nation,Métro 2,pollution moyenne,MOYENNE,"Évaluation : modélisation reposant notamment sur la configuration de la station, le trafic et le matériel roulant",non,Action(s) d'amélioration de la qualité de l'air en cours,2.395798835112525,48.84845279707999,,pollution moyenne
IDFM:22051,Notre-Dame des Champs,Métro 12,pollution faible,FAIBLE,"Évaluation : modélisation reposant notamment sur la configuration de la station, le trafic et le matériel roulant",non,,2.328564944227944,48.84508150807547,,pollution faible
IDFM:22232,Les Agnettes,Métro 13,pollution faible,FAIBLE,"Évaluation : modélisation reposant notamment sur la configuration de la station, le trafic et le matériel roulant",non,,2.286263202479002,48.92308777796361,,pollution faible
IDFM:463174,Gallieni,Métro 3,pollution faible,FAIBLE,"Évaluation : modélisation reposant notamment sur la configuration de la station, le trafic et le matériel roulant",oui,,2.415921484287642,48.86539746068654,,pollution faible
IDFM:463218,Louvre - Rivoli,Métro 1,pollution faible,FAIBLE,"Évaluation : modélisation reposant notamment sur la configuration de la station, le trafic et le matériel roulant",non,,2.3409964272720227,48.86090733426327,,pollution faible
IDFM:463065,Jules Joffrin,Métro 12,pollution faible,FAIBLE,"Évaluation : modélisation reposant notamment sur la configuration de la station, le trafic et le matériel roulant",oui,,2.3443200293804827,48.892492268201934,,pollution faible
IDFM:21942,Robespierre,Métro 9,pollution moyenne,MOYENNE,"Évaluation : modélisation reposant notamment sur la configuration de la station, le trafic et le matériel roulant",non,Action(s) d'amélioration de la qualité de l'air en cours,2.422973086496352,48.85567380855032,,pollution moyenne
IDFM:22016,Eglise de Pantin,Métro 5,pollution moyenne,MOYENNE,"Évaluation : modélisation reposant notamment sur la configuration de la station, le trafic et le matériel roulant",non,Action(s) d'amélioration de la qualité de l'air en cours,2.413119553706935,48.893163974098265,,pollution moyenne
IDFM:463077,Jussieu,Métro 10,pollution faible,FAIBLE,"Évaluation : modélisation reposant notamment sur la configuration de la station, le trafic et le matériel roulant",non,,2.354944184375758,48.8462878950311,,pollution faible
IDFM:462969,Saint-Lazare,Métro 12,pollution moyenne,MOYENNE,"Évaluation : modélisation reposant notamment sur la configuration de la station, le trafic et le matériel roulant",non,,2.327470237303278,48.875594817796994,,pollution moyenne
IDFM:463017,Hoche,Métro 5,pollution moyenne,MOYENNE,"Évaluation : modélisation reposant notamment sur la configuration de la station, le trafic et le matériel roulant",non,Action(s) d'amélioration de la qualité de l'air en cours,2.403114154894396,48.8914957494373,,pollution moyenne
IDFM:463280,Porte de Pantin,Métro 5,pollution moyenne,MOYENNE,"Évaluation : modélisation reposant notamment sur la configuration de la station, le trafic et le matériel roulant",non,Action(s) d'amélioration de la qualité de l'air en cours,2.3921229723281483,48.88845921134684,,pollution moyenne
IDFM:22025,Rue Saint-Maur,Métro 3,pollution moyenne,MOYENNE,"Évaluation : modélisation reposant notamment sur la configuration de la station, le trafic et le matériel roulant",non,,2.380486332251813,48.86413108020325,,pollution moyenne
IDFM:21943,Croix de Chavaux,Métro 9,pollution moyenne,MOYENNE,"Évaluation : modélisation reposant notamment sur la configuration de la station, le trafic et le matériel roulant",non,Action(s) d'amélioration de la qualité de l'air en cours,2.4358546126745826,48.857992585158016,,pollution moyenne
IDFM:22073,Nation,Métro 6,pollution moyenne,MOYENNE,"Évaluation : modélisation reposant notamment sur la configuration de la station, le trafic et le matériel roulant",non,,2.3958598043279085,48.84789550545761,,pollution moyenne
IDFM:22376,Palais Royal - Musée du Louvre,Métro 7,pollution moyenne,MOYENNE,"Évaluation : modélisation reposant notamment sur la configuration de la station, le trafic et le matériel roulant",non,,2.337007354765684,48.86268399776967,,pollution moyenne
IDFM:462957,Miromesnil,Métro 9,pollution moyenne,MOYENNE,"Évaluation : modélisation reposant notamment sur la configuration de la station, le trafic et le matériel roulant",non,Action(s) d'amélioration de la qualité de l'air en cours,2.3146768238242688,48.87369210197914,,pollution moyenne
IDFM:463081,Madeleine,Métro 12,pollution faible,FAIBLE,"Évaluation : modélisation reposant notamment sur la configuration de la station, le trafic et le matériel roulant",non,Action(s) d'amélioration de la qualité de l'air en cours,2.325169929034193,48.87003294090397,,pollution faible
IDFM:463137,Boulogne Jean Jaurès,Métro 10,pollution moyenne,MOYENNE,"Évaluation : modélisation reposant notamment sur la configuration de la station, le trafic et le matériel roulant",non,,2.239077780728926,48.841991575324506,,pollution moyenne
IDFM:22020,Père Lachaise,Métro 3,pollution moyenne,MOYENNE,"Évaluation : modélisation reposant notamment sur la configuration de la station, le trafic et le matériel roulant",non,,2.386157046298338,48.86296417435419,,pollution moyenne
IDFM:22217,Saint-François-Xavier,Métro 13,pollution moyenne,MOYENNE,"Évaluation : modélisation reposant notamment sur la configuration de la station, le trafic et le matériel roulant",non,,2.314407403528732,48.8512787565696,,pollution moyenne
IDFM:22095,Charles de Gaulle - Etoile,Métro 6,pollution moyenne,MOYENNE,"Évaluation : modélisation reposant notamment sur la configuration de la station, le trafic et le matériel roulant",non,,2.294995735441831,48.87383861478572,,pollution moyenne
IDFM:463072,Réaumur - Sébastopol,Métro 4,pollution faible,FAIBLE,"Évaluation : modélisation reposant notamment sur la configuration de la station, le trafic et le matériel roulant",non,,2.352381731140252,48.866077771215046,,pollution faible
IDFM:22193,Invalides,Métro 8,pollution faible,FAIBLE,"Évaluation : modélisation reposant notamment sur la configuration de la station, le trafic et le matériel roulant",non,,2.3146326604445164,48.86109201138112,,pollution faible
IDFM:463230,Philippe Auguste,Métro 2,pollution moyenne,MOYENNE,"Évaluation : modélisation reposant notamment sur la configuration de la station, le trafic et le matériel roulant",non,Action(s) d'amélioration de la qualité de l'air en cours,2.390497596745289,48.85808942813576,,pollution moyenne
IDFM:22014,Bobigny-Pantin - Raymond Queneau,Métro 5,pollution moyenne,MOYENNE,"Évaluation : modélisation reposant notamment sur la configuration de la station, le trafic et le matériel roulant",non,Action(s) d'amélioration de la qualité de l'air en cours,2.426308679232036,48.89560207433252,,pollution moyenne
IDFM:21925,Oberkampf,Métro 9,pollution élevée,ELEVE,"Évaluation : modélisation reposant notamment sur la configuration de la station, le trafic et le matériel roulant",oui,Action(s) d'amélioration de la qualité de l'air en cours,2.3681558453945515,48.86477709852134,,pollution élevée
IDFM:22079,Palais Royal - Musée du Louvre,Métro 1,pollution moyenne,MOYENNE,"Évaluation : modélisation reposant notamment sur la configuration de la station, le trafic et le matériel roulant",non,,2.336454367754252,48.86222226557415,,pollution moyenne
IDFM:462959,Vaneau,Métro 10,pollution moyenne,MOYENNE,"Évaluation : modélisation reposant notamment sur la configuration de la station, le trafic et le matériel roulant",non,,2.321351242354736,48.84889457005888,,pollution moyenne
IDFM:463267,Tolbiac,Métro 7,pollution moyenne,MOYENNE,"Évaluation : modélisation reposant notamment sur la configuration de la station, le trafic et le matériel roulant",non,,2.357018567738162,48.82615323734341,,pollution moyenne
IDFM:22194,Madeleine,Métro 8,pollution moyenne,MOYENNE,"Évaluation : modélisation reposant notamment sur la configuration de la station, le trafic et le matériel roulant",non,Action(s) d'amélioration de la qualité de l'air en cours,2.3260272117729994,48.86956561611772,,pollution moyenne
IDFM:463240,Monceau,Métro 2,pollution moyenne,MOYENNE,"Évaluation : modélisation reposant notamment sur la configuration de la station, le trafic et le matériel roulant",non,Action(s) d'amélioration de la qualité de l'air en cours,2.309412967374703,48.88056877012684,,pollution moyenne
IDFM:22442,Rue des Boulets,Métro 9,pollution moyenne,MOYENNE,"Évaluation : modélisation reposant notamment sur la configuration de la station, le trafic et le matériel roulant",non,Action(s) d'amélioration de la qualité de l'air en cours,2.3891047050322425,48.85221407333194,,pollution moyenne
IDFM:22166,Pasteur,Métro 6,pollution moyenne,MOYENNE,"Évaluation : modélisation reposant notamment sur la configuration de la station, le trafic et le matériel roulant",non,,2.312792651441268,48.842482718285865,,pollution moyenne
IDFM:22061,Corentin Celton,Métro 12,pollution moyenne,MOYENNE,"Évaluation : modélisation reposant notamment sur la configuration de la station, le trafic et le matériel roulant",non,,2.2789586605256367,48.82682329515912,,pollution moyenne
IDFM:462993,Saint-Germain-des-Prés,Métro 4,pollution faible,FAIBLE,"Évaluation : modélisation reposant notamment sur la configuration de la station, le trafic et le matériel roulant",non,,2.333987429134225,48.85367371343323,,pollution faible
IDFM:21948,Pelleport,Métro 3B,pollution moyenne,MOYENNE,"Évaluation : modélisation reposant notamment sur la configuration de la station, le trafic et le matériel roulant",non,,2.40160636134298,48.86842046799948,,pollution moyenne
IDFM:463308,Saint-Placide,Métro 4,pollution faible,FAIBLE,"Évaluation : modélisation reposant notamment sur la configuration de la station, le trafic et le matériel roulant",non,,2.327054815066312,48.84700665158937,,pollution faible
IDFM:480330,Mairie de Saint-Ouen,Métro 14,pollution moyenne,MOYENNE,"Évaluation : modélisation reposant notamment sur la configuration de la station, le trafic et le matériel roulant",non,,2.333545807213269,48.91164217552501,,pollution moyenne
IDFM:463078,Jussieu,Métro 7,pollution moyenne,MOYENNE,"Évaluation : modélisation reposant notamment sur la configuration de la station, le trafic et le matériel roulant",non,,2.354798309820857,48.84596333903808,,pollution moyenne
IDFM:490793,Rosny-Bois-Perrier,Métro 11,pas de données,pas de données,Évaluation : impossible faute d’informations,non,,2.480609800808591,48.88302567942574,,pas de données
IDFM:24680,Jaurès,Métro 7B,pollution moyenne,MOYENNE,"Évaluation : modélisation reposant notamment sur la configuration de la station, le trafic et le matériel roulant",non,,2.370451734004561,48.88234423020823,,pollution moyenne
IDFM:22019,Parmentier,Métro 3,pollution moyenne,MOYENNE,"Évaluation : modélisation reposant notamment sur la configuration de la station, le trafic et le matériel roulant",non,,2.3747205969196896,48.86524326053047,,pollution moyenne
IDFM:463075,Dugommier,Métro 6,pollution moyenne,MOYENNE,"Évaluation : modélisation reposant notamment sur la configuration de la station, le trafic et le matériel roulant",non,,2.3895997700798097,48.83903652832887,,pollution moyenne
IDFM:21920,Strasbourg - Saint-Denis,Métro 9,pollution moyenne,MOYENNE,"Évaluation : modélisation reposant notamment sur la configuration de la station, le trafic et le matériel roulant",non,Action(s) d'amélioration de la qualité de l'air en cours,2.3537315826731837,48.869349679171926,,pollution moyenne
IDFM:21906,Havre-Caumartin,Métro 3,pollution faible,FAIBLE,"Évaluation : modélisation reposant notamment sur la configuration de la station, le trafic et le matériel roulant",non,,2.327462798423509,48.87346783937801,,pollution faible
IDFM:463152,Corentin Cariou,Métro 7,pollution faible,FAIBLE,"Évaluation : modélisation reposant notamment sur la configuration de la station, le trafic et le matériel roulant",non,,2.382291557164633,48.89467266005628,,pollution faible
IDFM:463220,Mairie d'Ivry,Métro 7,pollution moyenne,MOYENNE,"Évaluation : modélisation reposant notamment sur la configuration de la station, le trafic et le matériel roulant",non,,2.383498053635828,48.811210093393306,,pollution moyenne
IDFM:21994,Arts et Métiers,Métro 3,pollution faible,FAIBLE,"Évaluation : modélisation reposant notamment sur la configuration de la station, le trafic et le matériel roulant",non,,2.3567233472754983,48.86553459885931,,pollution faible
IDFM:490837,L'Haÿ-les-Roses,Métro 14,pas de données,pas de données,Évaluation : impossible faute d’informations,non,,2.354991210566311,48.77532646395088,,pas de données
IDFM:463040,Saint-Mandé,Métro 1,pollution moyenne,MOYENNE,"Évaluation : modélisation reposant notamment sur la configuration de la station, le trafic et le matériel roulant",non,,2.4189897063438077,48.84622934735893,,pollution moyenne
IDFM:463216,Les Gobelins,Métro 7,pollution moyenne,MOYENNE,"Évaluation : modélisation reposant notamment sur la configuration de la station, le trafic et le matériel roulant",non,,2.3525311653622043,48.83589170669027,,pollution moyenne
IDFM:463024,Gare d'Austerlitz,Métro 10,pollution moyenne,MOYENNE,"Évaluation : modélisation reposant notamment sur la configuration de la station, le trafic et le matériel roulant",non,,2.364395394600644,48.84228236697996,,pollution moyenne
IDFM:462982,La Chapelle,Métro 2,station aérienne,station aérienne,,non,Action(s) d'amélioration de la qualité de l'air en cours,2.360430336162137,48.88447648340964,,station aérienne
IDFM:463116,Abbesses,Métro 12,pollution faible,FAIBLE,"Évaluation : modélisation reposant notamment sur la configuration de la station, le trafic et le matériel roulant",non,,2.338394635220906,48.88439271799143,,pollution faible
IDFM:22126,Couronnes,Métro 2,pollution moyenne,MOYENNE,"Évaluation : modélisation reposant notamment sur la configuration de la station, le trafic et le matériel roulant",non,Action(s) d'amélioration de la qualité de l'air en cours,2.3805336747351005,48.86932051914457,,pollution moyenne
IDFM:21999,Mairie des Lilas,Métro 11,pollution moyenne,MOYENNE,"Évaluation : modélisation reposant notamment sur la configuration de la station, le trafic et le matériel roulant",non,,2.4162978208011863,48.87974365006289,,pollution moyenne
IDFM:463083,Duroc,Métro 13,pollution moyenne,MOYENNE,"Évaluation : modélisation reposant notamment sur la configuration de la station, le trafic et le matériel roulant",oui,,2.316535081176305,48.84699198555429,,pollution moyenne
IDFM:22192,La Tour-Maubourg,Métro 8,pollution faible,FAIBLE,"Évaluation : modélisation reposant notamment sur la configuration de la station, le trafic et le matériel roulant",non,,2.310588789873988,48.85766922956403,,pollution faible
IDFM:22036,Anatole France,Métro 3,pollution faible,FAIBLE,"Évaluation : modélisation reposant notamment sur la configuration de la station, le trafic et le matériel roulant",non,,2.28498169634032,48.892206617614,,pollution faible
IDFM:22391,Censier - Daubenton,Métro 7,pollution moyenne,MOYENNE,"Évaluation : modélisation reposant notamment sur la configuration de la station, le trafic et le matériel roulant",non,,2.351626572605499,48.84022624851393,,pollution moyenne
IDFM:483900,Aimé Césaire,Métro 12,pollution faible,FAIBLE,"Évaluation : modélisation reposant notamment sur la configuration de la station, le trafic et le matériel roulant",non,,2.37813084516706,48.90843758066954,,pollution faible
IDFM:463323,Villejuif Léo Lagrange,Métro 7,pollution moyenne,MOYENNE,"Évaluation : modélisation reposant notamment sur la configuration de la station, le trafic et le matériel roulant",non,,2.364068547658874,48.80436739901952,,pollution moyenne
IDFM:21982,Mirabeau,Métro 10,pollution moyenne,MOYENNE,"Évaluation : modélisation reposant notamment sur la configuration de la station, le trafic et le matériel roulant",oui,Action(s) d'amélioration de la qualité de l'air en cours,2.2730641263728333,48.84707750734599,,pollution moyenne
IDFM:22164,Trocadéro,Métro 6,pollution moyenne,MOYENNE,"Évaluation : modélisation reposant notamment sur la configuration de la station, le trafic et le matériel roulant",non,,2.287625377853519,48.86346147371448,,pollution moyenne
IDFM:463133,Bonne Nouvelle,Métro 9,pollution moyenne,MOYENNE,"Évaluation : modélisation reposant notamment sur la configuration de la station, le trafic et le matériel roulant",non,Action(s) d'amélioration de la qualité de l'air en cours,2.348428667867017,48.87049007203075,,pollution moyenne
IDFM:21976,Sèvres - Babylone,Métro 10,pollution moyenne,MOYENNE,"Évaluation : modélisation reposant notamment sur la configuration de la station, le trafic et le matériel roulant",non,,2.326104689925573,48.85093150598804,,pollution moyenne
IDFM:21904,Michel-Ange - Molitor,Métro 10,pollution moyenne,MOYENNE,"Évaluation : modélisation reposant notamment sur la configuration de la station, le trafic et le matériel roulant",non,,2.2618218573220084,48.84515597018703,,pollution moyenne
IDFM:463314,Sèvres-Lecourbe,Métro 6,station aérienne,station aérienne,,non,,2.309529610430393,48.84564768265073,,station aérienne
IDFM:21992,Rambuteau,Métro 11,pollution moyenne,MOYENNE,"Évaluation : modélisation reposant notamment sur la configuration de la station, le trafic et le matériel roulant",non,,2.353273948594772,48.86119015695036,,pollution moyenne
IDFM:463031,Aubervilliers-Pantin Quatre Chemins,Métro 7,pollution moyenne,MOYENNE,"Évaluation : modélisation reposant notamment sur la configuration de la station, le trafic et le matériel roulant",non,,2.3922205712292195,48.90375706036556,,pollution moyenne
IDFM:463035,Billancourt,Métro 9,pollution moyenne,MOYENNE,"Évaluation : modélisation reposant notamment sur la configuration de la station, le trafic et le matériel roulant",non,Action(s) d'amélioration de la qualité de l'air en cours,2.237891101038026,48.83191997405451,,pollution moyenne
IDFM:22216,Maisons-Alfort - Les Juilliottes,Métro 8,pollution moyenne,MOYENNE,"Évaluation : modélisation reposant notamment sur la configuration de la station, le trafic et le matériel roulant",non,,2.4457883063759605,48.80310585036659,,pollution moyenne
IDFM:463226,Michel Bizot,Métro 8,pollution faible,FAIBLE,"Évaluation : modélisation reposant notamment sur la configuration de la station, le trafic et le matériel roulant",non,,2.402366739988004,48.83707743103578,,pollution faible
IDFM:22225,Liège,Métro 13,pollution faible,FAIBLE,"Évaluation : modélisation reposant notamment sur la configuration de la station, le trafic et le matériel roulant",non,,2.3268526712397555,48.87953493737576,,pollution faible
IDFM:22128,Belleville,Métro 2,pollution élevée,ELEVE,Évaluation : campagne de mesure ponctuelle,oui,Action(s) d'amélioration de la qualité de l'air en cours,2.3768306915222848,48.87231407736167,,pollution élevée
IDFM:463169,Daumesnil,Métro 6,pollution moyenne,MOYENNE,"Évaluation : modélisation reposant notamment sur la configuration de la station, le trafic et le matériel roulant",non,,2.396146067915452,48.839537421644565,,pollution moyenne
IDFM:21917,Trocadéro,Métro 9,pollution élevée,ELEVE,"Évaluation : modélisation reposant notamment sur la configuration de la station, le trafic et le matériel roulant",non,Action(s) d'amélioration de la qualité de l'air en cours,2.28683987979629,48.863088061116,,pollution élevée
IDFM:462949,Convention,Métro 12,pollution moyenne,MOYENNE,"Évaluation : modélisation reposant notamment sur la configuration de la station, le trafic et le matériel roulant",non,,2.2963913864809173,48.83713505380496,,pollution moyenne
IDFM:463070,Wagram,Métro 3,pollution moyenne,MOYENNE,"Évaluation : modélisation reposant notamment sur la configuration de la station, le trafic et le matériel roulant",non,,2.304673087584434,48.8838463907272,,pollution moyenne
IDFM:463239,Michel-Ange - Molitor,Métro 9,pollution élevée,ELEVE,"Évaluation : modélisation reposant notamment sur la configuration de la station, le trafic et le matériel roulant",non,Action(s) d'amélioration de la qualité de l'air en cours,2.261631583355701,48.844880488259605,,pollution élevée
IDFM:463217,Les Sablons,Métro 1,pollution moyenne,MOYENNE,"Évaluation : modélisation reposant notamment sur la configuration de la station, le trafic et le matériel roulant",non,,2.271904762259129,48.88129083793358,,pollution moyenne
IDFM:21970,Duroc,Métro 10,pollution moyenne,MOYENNE,"Évaluation : modélisation reposant notamment sur la configuration de la station, le trafic et le matériel roulant",non,,2.3162247549746047,48.84675637808778,,pollution moyenne
IDFM:22133,Simplon,Métro 4,pollution faible,FAIBLE,"Évaluation : modélisation reposant notamment sur la configuration de la station, le trafic et le matériel roulant",non,,2.347794968187123,48.8938152613519,,pollution faible
IDFM:490770,Coteaux Beauclair,Métro 11,station aérienne,station aérienne,,non,,2.4673647804495924,48.88212212689498,,station aérienne
IDFM:463105,Corvisart,Métro 6,station aérienne,station aérienne,,non,,2.350611225926166,48.82986001331238,,station aérienne
IDFM:463321,Vaugirard,Métro 12,pollution faible,FAIBLE,"Évaluation : modélisation reposant notamment sur la configuration de la station, le trafic et le matériel roulant",non,,2.300977822126098,48.83953628376544,,pollution faible
IDFM:22098,Reuilly - Diderot,Métro 8,pollution moyenne,MOYENNE,"Évaluation : modélisation reposant notamment sur la configuration de la station, le trafic et le matériel roulant",non,,2.387201070409392,48.84721292669797,,pollution moyenne
IDFM:22195,Opéra,Métro 8,pollution faible,FAIBLE,"Évaluation : modélisation reposant notamment sur la configuration de la station, le trafic et le matériel roulant",non,,2.332135072925294,48.87059812248669,,pollution faible
IDFM:22171,Dupleix,Métro 6,station aérienne,station aérienne,,non,,2.293663726731039,48.8504116258067,,station aérienne
IDFM:21921,Richelieu - Drouot,Métro 9,pollution moyenne,MOYENNE,"Évaluation : modélisation reposant notamment sur la configuration de la station, le trafic et le matériel roulant",non,Action(s) d'amélioration de la qualité de l'air en cours,2.3385912215385414,48.87213587031796,,pollution moyenne
IDFM:22151,Denfert-Rochereau,Métro 4,pollution faible,FAIBLE,"Évaluation : modélisation reposant notamment sur la configuration de la station, le trafic et le matériel roulant",non,,2.332128160437612,48.83392232305997,,pollution faible
IDFM:462953,Gabriel Péri,Métro 13,pollution moyenne,MOYENNE,"Évaluation : modélisation reposant notamment sur la configuration de la station, le trafic et le matériel roulant",non,,2.29460408001733,48.91634741814672,,pollution moyenne
IDFM:463008,Stalingrad,Métro 7,pollution moyenne,MOYENNE,"Évaluation : modélisation reposant notamment sur la configuration de la station, le trafic et le matériel roulant",non,,2.3688985490576733,48.88437303056126,,pollution moyenne
IDFM:22099,Pont de Neuilly,Métro 1,pollution moyenne,MOYENNE,"Évaluation : modélisation reposant notamment sur la configuration de la station, le trafic et le matériel roulant",oui,,2.258495429369125,48.88548938897471,,pollution moyenne
IDFM:463224,Maison Blanche,Métro 7,pollution moyenne,MOYENNE,"Évaluation : modélisation reposant notamment sur la configuration de la station, le trafic et le matériel roulant",non,,2.358412946155939,48.82214950607496,,pollution moyenne
IDFM:463263,Porte des Lilas,Métro 11,pollution faible,FAIBLE,"Évaluation : modélisation reposant notamment sur la configuration de la station, le trafic et le matériel roulant",oui,,2.4065226763982275,48.87723143067265,,pollution faible
IDFM:490841,Maison Blanche,Métro 14,pas de données,pas de données,Évaluation : impossible faute d’informations,non,,2.3589182598590392,48.82120786862075,,pas de données
IDFM:463131,Bobigny Pablo Picasso,Métro 5,pollution moyenne,MOYENNE,"Évaluation : modélisation reposant notamment sur la configuration de la station, le trafic et le matériel roulant",non,Action(s) d'amélioration de la qualité de l'air en cours,2.449301336646573,48.90636679503056,,pollution moyenne
IDFM:24682,Place des Fêtes,Métro 7B,pollution moyenne,MOYENNE,"Évaluation : modélisation reposant notamment sur la configuration de la station, le trafic et le matériel roulant",non,,2.392959616507311,48.87693859004261,,pollution moyenne
IDFM:463016,Vavin,Métro 4,pollution faible,FAIBLE,"Évaluation : modélisation reposant notamment sur la configuration de la station, le trafic et le matériel roulant",non,,2.3288628540691043,48.84205232329236,,pollution faible
IDFM:22093,Champs-Elysées - Clemenceau,Métro 13,pollution faible,FAIBLE,"Évaluation : modélisation reposant notamment sur la configuration de la station, le trafic et le matériel roulant",non,,2.31401668387612,48.86750083759083,,pollution faible
IDFM:490789,Montreuil - Hôpital,Métro 11,pas de données,pas de données,Évaluation : impossible faute d’informations,non,,2.4546692358364623,48.878269829247664,,pas de données
IDFM:463194,La Motte-Picquet - Grenelle,Métro 6,station aérienne,station aérienne,,non,,2.298957096977008,48.84876544812232,,station aérienne
IDFM:463320,Varenne,Métro 13,pollution moyenne,MOYENNE,"Évaluation : modélisation reposant notamment sur la configuration de la station, le trafic et le matériel roulant",non,,2.3149776470363417,48.85662420264694,,pollution moyenne
IDFM:22096,Concorde,Métro 8,pollution moyenne,MOYENNE,"Évaluation : modélisation reposant notamment sur la configuration de la station, le trafic et le matériel roulant",non,,2.3220315426557194,48.86652125193945,,pollution moyenne
IDFM:463155,Crimée,Métro 7,pollution moyenne,MOYENNE,"Évaluation : modélisation reposant notamment sur la configuration de la station, le trafic et le matériel roulant",non,,2.3770380600019925,48.890814345621656,,pollution moyenne
IDFM:22220,Porte de Saint-Ouen,Métro 13,pollution faible,FAIBLE,"Évaluation : modélisation reposant notamment sur la configuration de la station, le trafic et le matériel roulant",non,,2.3290483407446505,48.89749783732745,,pollution faible
IDFM:463165,Cour Saint-Emilion,Métro 14,pollution faible,FAIBLE,"Évaluation : modélisation reposant notamment sur la configuration de la station, le trafic et le matériel roulant",non,,2.386617850214058,48.83331930384343,,pollution faible
IDFM:463212,Mairie de Saint-Ouen,Métro 13,pollution moyenne,MOYENNE,"Évaluation : modélisation reposant notamment sur la configuration de la station, le trafic et le matériel roulant",non,,2.333893080685357,48.911958864732505,,pollution moyenne
IDFM:22189,Félix Faure,Métro 8,pollution faible,FAIBLE,"Évaluation : modélisation reposant notamment sur la configuration de la station, le trafic et le matériel roulant",non,,2.2918472203679703,48.84268433479664,,pollution faible
IDFM:22120,Colonel Fabien,Métro 2,pollution moyenne,MOYENNE,"Évaluation : modélisation reposant notamment sur la configuration de la station, le trafic et le matériel roulant",non,Action(s) d'amélioration de la qualité de l'air en cours,2.370576102819657,48.877695345805535,,pollution moyenne
